championID,winRate,games,avgKills,avgDeaths,avgAssists,avgVisionScore,avgTotalCS,avgF10goldPerMin,avgF10csPerMin,avgF10xpPerMin
150,0.42857142857142855,42,3.6904761904761907,4.785714285714286,6.119047619047619,20.80952380952381,148.35714285714286,260.47380952380956,5.80952380952381,416.2357142857143
