championID,winRate,games,avgKills,avgDeaths,avgAssists,avgVisionScore,avgTotalCS,avgF10goldPerMin,avgF10csPerMin,avgF10xpPerMin
92,0.0,3,1.3333333333333333,6.666666666666667,7.666666666666667,23.333333333333332,120.0,213.46666666666667,4.4,370.8666666666666
