championID,winRate,games,avgKills,avgDeaths,avgAssists,avgVisionScore,avgTotalCS,avgF10goldPerMin,avgF10csPerMin,avgF10xpPerMin
31,0.5753424657534246,365,4.397260273972603,4.457534246575342,7.512328767123288,21.372602739726027,162.36712328767123,266.22657534246576,5.822191780821923,420.9920547945203
516,0.25,4,3.0,3.75,7.5,27.25,170.0,241.9,5.95,439.375
